variable_3,variable_2,variable_1,variable_0
-0.58630874596,-0.802685683808,-1.21193203994,0.376748261226
0.259328868405,1.85928214515,1.06824937541,-1.15815206229
-1.26281883745,-0.843639035023,-0.243635822462,-1.15815206229
-0.135302018298,0.180194745345,-0.868343059545,0.586052850795
1.7251007333,-0.393152171661,1.25566154654,1.35350301255
